Date started,Date completed,Feature Implemented,"General Notes (reflection, etc)","Notes about technology, including AI tools"
2026-01-29,2026-02-02,Project environment setup and repo baseline,"Initialized frontend/backend workspaces, aligned local dev workflow, and confirmed project skeleton was runnable for both services.","Tech: React + Vite, Django REST, PostgreSQL-ready schema. AI tools: Cursor assistant used for setup checklist and command sequencing."
2026-02-03,2026-02-09,Authentication implementation with role support (coach/athlete),"Implemented user registration and JWT login flow; validated role-aware account creation for coach and athlete personas.","Tech: DRF + SimpleJWT; frontend token handling. AI tools: prompt-assisted API contract drafting and endpoint sanity checks."
2026-02-03,2026-02-10,Core database models and initial API endpoints,"Added/validated core relational models (users, training programs, workout logs, personal records) and initial list endpoint for programs.","Tech: Django ORM migrations + DRF serializers/views. AI tools: migration review, serializer field consistency checks."
2026-02-10,2026-02-14,Frontend-backend integration and first end-to-end flow,"Completed foundation milestone: login -> protected dashboard -> authenticated programs API call. Verified CORS and token propagation across layers.","Tech: Axios auth headers, CORS config, protected routes. AI tools: debugging guidance for request/response flow tracing."
2026-02-15,2026-02-19,Program create/list/assign implementation (backend),"Extended programs API to support coach-created programs with athlete assignment and reassignment endpoint.","Tech: DRF APIView + validation logic + role gating. AI tools: code scaffolding suggestions, permission test case ideation."
2026-02-19,2026-02-21,Athlete logbook and PR APIs (backend),"Implemented workout log create/list and personal record create/list endpoints with athlete self-write and coach scoped-read behavior.","Tech: DRF serializers for WorkoutLog/PersonalRecord; query scoping by role. AI tools: serializer/view pattern generation and edge-case prompts."
2026-02-21,2026-02-23,Coach dashboard MVP API integration,"Replaced localStorage-only behavior for key MVP flows with backend-backed create/list/assign program workflow and athlete dropdown roster.","Tech: React state orchestration + Axios endpoints + role-based UI actions. AI tools: incremental refactor planning and regression checklist generation."
2026-02-21,2026-02-23,Athlete dashboard MVP API integration,"Added backend-backed assigned programs display, workout history submission/retrieval, and PR tracking form/history. Completed Feb 24 items early.","Tech: React forms + asynchronous API sync + dashboard composition. AI tools: form payload shape validation and UI state error-handling ideas."
2026-02-23,2026-02-23,Verification and checkpoint reporting,"Ran backend checks, frontend production build, and end-to-end API smoke test. Wrote Feb 23 checkpoint summary artifact for milestone evidence.","Tech: python manage.py check, vite build, DRF test client smoke run. AI tools: test script drafting and results summarization."
2026-02-01,2026-02-23,Obstacle/risk log for status reporting,"Ran into a few real blockers during integration: CORS/token mismatch in early auth wiring, host validation issue in API smoke tests, and temporary model/UI mismatch while moving from localStorage to API-driven forms. Captured these so weekly reports explain what slowed things down and how they were handled.","Tech: mitigation through tighter API contracts, explicit permission guards, and staged refactor steps. AI tools: root-cause brainstorming, mitigation option checks, and regression checklists."
2026-03-01,2026-03-05,Program completion tracking flow,"Added athlete program-completion read/update support so progress can be persisted and reflected when reloading dashboards.","Tech: DRF program-completion endpoint + frontend API wiring. AI tools: endpoint mapping and payload validation checks."
2026-03-06,2026-03-09,Sinclair analytics endpoint integration,"Wired Sinclair calculation into backend analytics route and connected frontend usage path so athlete-side calculations are part of the app flow.","Tech: analytics endpoint and frontend service method. AI tools: request/response shape checks and quick API smoke prompts."
2026-03-09,2026-03-10,Local self-host workflow and support scripts,"Added local hosting runbook plus scripts for demo-user seeding and one-command local host startup to reduce setup friction.","Tech: Gunicorn local runtime script, Vite preview host, deployment notes. AI tools: script review and docs structure suggestions."
2026-03-10,2026-03-11,Full UI facelift and topology presentation artifacts,"Refreshed app UI with a cleaner branded style, then documented architecture, workflows, risks, and readiness in a single presentation artifact for project reviews.","Tech: React/CSS redesign pass, Mermaid diagrams, HTML reporting. AI tools: iterative styling and architecture documentation support."
2026-03-11,2026-03-11,Presentation refinements and navigation usability pass,"Expanded report sections, added clickable section navigation, and tightened layout readability so the doc is easier to present live.","Tech: HTML/CSS structure updates plus in-page anchors. AI tools: fast iteration for layout and wording cleanup."
2026-03-11,2026-03-11,Brand alignment update using Westminster visual identity,"Adjusted presentation theme colors to Westminster brand tones while keeping diagram legend/color logic stable for readability.","Tech: CSS theming with Night/Copper/neutral palette integration. AI tools: reference lookup support and safe style patching."
2026-03-11,2026-03-11,Summary and strategic planning addendum,"Added final summary section with sprint position, current status, and immediate execution next steps for clearer grading narrative.","Tech: structured report composition and planning tables. AI tools: concise section drafting and consistency checks."
2026-03-11,2026-03-11,Backend API regression validation sweep (post-debug),"Executed full UAT to confirm no regressions after backend/API debugging; verified end-to-end coach and athlete critical paths plus analytics call.","Tech: ./bin/zw uat against DRF endpoints and frontend preview. AI tools: Codex-assisted pass/fail checklist framing and transcript-grounded verification notes."
2026-03-11,2026-03-11,Backend API hardening backlog capture,"Performed targeted backend/API review and documented prioritized hardening actions so next fixes are implementation-ready and traceable.","Tech: DRF auth/session/rate-limit review plus frontend API client flow analysis. AI tools: Codex risk triage and recommendation synthesis."